Index,ID,Group,URL,References,Time,PDF
0,G0018,admin@338,https://www.fireeye.com/blog/threat-research/2015/11/china-based-threat.html,"FireEye Threat Intelligence. (2015, December 1). China-based Cyber Threat Group Uses Dropbox for Malware Communications and Targets Hong Kong Media Outlets. Retrieved December 4, 2015."," December 4, 2015.",
1,G1030,Agrius,https://assets.sentinelone.com/sentinellabs/evol-agrius,"Amitai Ben & Shushan Ehrlich. (2021, May). From Wiper to Ransomware: The Evolution of Agrius. Retrieved May 21, 2024."," May 21, 2024.",
2,G1030,Agrius,https://research.checkpoint.com/2023/agrius-deploys-moneybird-in-targeted-attacks-against-israeli-organizations/,"Marc  Salinas Fernandez & Jiri  Vinopal. (2023, May 23). AGRIUS DEPLOYS MONEYBIRD IN TARGETED ATTACKS AGAINST ISRAELI ORGANIZATIONS. Retrieved May 21, 2024."," May 21, 2024.",
3,G1030,Agrius,https://www.microsoft.com/en-us/security/business/security-insider/wp-content/uploads/2023/05/Iran-turning-to-cyber-enabled-influence-operations-for-greater-effect-05022023.pdf,"Microsoft Threat Intelligence. (2023, May 2). Iran turning to cyber-enabled influence operations for greater effect. Retrieved May 21, 2024."," May 21, 2024.",O
4,G1030,Agrius,https://learn.microsoft.com/en-us/microsoft-365/security/intelligence/microsoft-threat-actor-naming?view=o365-worldwide,"Microsoft . (2023, July 12). How Microsoft names threat actors. Retrieved November 17, 2023."," November 17, 2023.",
5,G1030,Agrius,https://unit42.paloaltonetworks.com/agonizing-serpens-targets-israeli-tech-higher-ed-sectors/,"Or Chechik, Tom Fakterman, Daniel Frank & Assaf Dahan. (2023, November 6). Agonizing Serpens (Aka Agrius) Targeting the Israeli Higher Education and Tech Sectors. Retrieved May 22, 2024."," May 22, 2024.",
6,G0130,Ajax Security Team,https://www.mandiant.com/sites/default/files/2021-09/rpt-operation-saffron-rose.pdf,"Villeneuve, N. et al.. (2013). OPERATION SAFFRON ROSE . Retrieved May 28, 2020."," May 28, 2020.",O
7,G0130,Ajax Security Team,https://blog.checkpoint.com/wp-content/uploads/2015/11/rocket-kitten-report.pdf,"Check Point Software Technologies. (2015). ROCKET KITTEN: A CAMPAIGN WITH 9 LIVES. Retrieved March 16, 2018."," March 16, 2018.",O
8,G0130,Ajax Security Team,https://documents.trendmicro.com/assets/wp/wp-operation-woolen-goldfish.pdf,"Cedric Pernet, Kenney Lu. (2015, March 19). Operation Woolen-Goldfish - When Kittens Go phishing. Retrieved April 21, 2021."," April 21, 2021.",O
9,G0130,Ajax Security Team,https://iranthreats.github.io/resources/attribution-flying-rocket-kitten/,"Iran Threats . (2017, December 5). Flying Kitten to Rocket Kitten, A Case of Ambiguity and Shared Code. Retrieved May 28, 2020."," May 28, 2020.",
10,G0130,Ajax Security Team,https://www.crowdstrike.com/blog/cat-scratch-fever-crowdstrike-tracks-newly-reported-iranian-actor-flying-kitten/,"Dahl, M.. (2014, May 13). Cat Scratch Fever: CrowdStrike Tracks Newly Reported Iranian Actor as FLYING KITTEN. Retrieved May 27, 2020."," May 27, 2020.",
11,G1024,Akira,https://arcticwolf.com/resources/blog/conti-and-akira-chained-together/,"Steven Campbell, Akshay Suthar, & Connor Belfiorre. (2023, July 26). Conti and Akira: Chained Together. Retrieved February 20, 2024."," February 20, 2024.",
12,G1024,Akira,https://www.secureworks.com/research/threat-profiles/gold-sahara,"Secureworks. (n.d.). GOLD SAHARA. Retrieved February 20, 2024."," February 20, 2024.",
13,G1024,Akira,https://blog.bushidotoken.net/2023/09/tracking-adversaries-akira-another.html,"Will Thomas. (2023, September 15). Tracking Adversaries: Akira, another descendent of Conti. Retrieved February 21, 2024."," February 21, 2024.",
14,G1024,Akira,https://www.crowdstrike.com/adversaries/punk-spider/,"CrowdStrike. (n.d.). Punk Spider. Retrieved February 20, 2024."," February 20, 2024.",
15,G1024,Akira,https://www.trellix.com/blogs/research/akira-ransomware/,"Max Kersten & Alexandre Mundo. (2023, November 29). Akira Ransomware. Retrieved April 4, 2024."," April 4, 2024.",
16,G1000,ALLANITE,https://dragos.com/resource/allanite/,Dragos   Allanite Retrieved. 2019/10/27,. 2019/10/27,
17,G1000,ALLANITE,https://web.archive.org/web/20220120001230/https://www.cyberviser.com/2018/05/group-linked-to-shamoon-attacks-targeting-ics-networks-in-middle-east-and-uk/,"Eduard Kovacs 2018, May 21 Group linked to Shamoon attacks targeting ICS networks in Middle East and UK Retrieved September 12, 2024."," September 12, 2024.",
18,G1000,ALLANITE,https://www.us-cert.gov/ncas/alerts/TA17-293A,"ICS-CERT 2017, October 21 Advanced Persistent Threat Activity Targeting Energy and Other Critical Infrastructure Sectors Retrieved. 2017/10/23",. 2017/10/23,
19,G1000,ALLANITE,https://www.eisac.com/public-news-detail?id=115909,"Jeff Jones 2018, May 10 Dragos Releases Details on Suspected Russian Infrastructure Hacking Team ALLANITE Retrieved. 2020/01/03",. 2020/01/03,
20,G0138,Andariel,https://fsiceat.tistory.com/2,"FSI. (2017, July 27). Campaign Rifle - Andariel, the Maiden of Anguish. Retrieved September 12, 2024."," September 12, 2024.",
21,G0138,Andariel,http://www.issuemakerslab.com/research3/,"IssueMakersLab. (2017, May 1). Operation GoldenAxe. Retrieved September 12, 2024."," September 12, 2024.",
22,G0138,Andariel,https://web.archive.org/web/20230213154832/http://download.ahnlab.com/global/brochure/%5BAnalysis%5DAndariel_Group.pdf,"AhnLab. (2018, June 23). Targeted attacks by Andariel Threat Group,  a subgroup of the Lazarus. Retrieved September 29, 2021."," September 29, 2021.",O
23,G0138,Andariel,https://www.trendmicro.com/en_us/research/18/g/new-andariel-reconnaissance-tactics-hint-at-next-targets.html,"Chen, Joseph. (2018, July 16). New Andariel Reconnaissance Tactics Uncovered. Retrieved September 29, 2021."," September 29, 2021.",
24,G0138,Andariel,https://adversary.crowdstrike.com/en-US/adversary/silent-chollima/,"CrowdStrike. (2021, September 29). Silent Chollima Adversary Profile. Retrieved September 29, 2021."," September 29, 2021.",
25,G0138,Andariel,https://home.treasury.gov/news/press-releases/sm774,"US Treasury . (2019, September 13). Treasury Sanctions North Korean State-Sponsored Malicious Cyber Groups. Retrieved September 29, 2021."," September 29, 2021.",
26,G0138,Andariel,https://learn.microsoft.com/en-us/microsoft-365/security/intelligence/microsoft-threat-actor-naming?view=o365-worldwide,"Microsoft . (2023, July 12). How Microsoft names threat actors. Retrieved November 17, 2023."," November 17, 2023.",
27,G0138,Andariel,https://blog.malwarebytes.com/threat-intelligence/2021/04/lazarus-apt-conceals-malicious-code-within-bmp-file-to-drop-its-rat/,"Jazi, H. (2021, April 19). Lazarus APT conceals malicious code within BMP image to drop its RAT . Retrieved September 29, 2021."," September 29, 2021.",
28,G0138,Andariel,https://securelist.com/andariel-evolves-to-target-south-korea-with-ransomware/102811/,"Park, S. (2021, June 15). Andariel evolves to target South Korea with ransomware. Retrieved September 29, 2021."," September 29, 2021.",
29,G1007,Aoqin Dragon,https://www.sentinelone.com/labs/aoqin-dragon-newly-discovered-chinese-linked-apt-has-been-quietly-spying-on-organizations-for-10-years/,"Chen, Joey. (2022, June 9). Aoqin Dragon | Newly-Discovered Chinese-linked APT Has Been Quietly Spying On Organizations For 10 Years. Retrieved July 14, 2022."," July 14, 2022.",
30,G1028,APT-C-23,https://web.archive.org/web/20231227054130/https://symantec-enterprise-blogs.security.com/blogs/threat-intelligence/mantis-palestinian-attacks,"Symantec Threat Hunter Team. (2023, April 4). Mantis: New Tooling Used in Attacks Against Palestinian Targets. Retrieved March 4, 2024."," March 4, 2024.",
31,G1028,APT-C-23,https://web.archive.org/web/20201123042131/www.welivesecurity.com/2020/09/30/aptc23-group-evolves-its-android-spyware/,"Stefanko, L. (2020, September 30). APT?‘C??3 group evolves its Android spyware. Retrieved March 4, 2024."," March 4, 2024.",
32,G1028,APT-C-23,https://web.archive.org/web/20240208234008/www.sentinelone.com/labs/the-israel-hamas-war-cyber-domain-state-sponsored-activity-of-interest/,"Hegel, T., Milenkoski, A. (2023, October 24). The Israel-Hamas War | Cyber Domain State-Sponsored Activity of Interest. Retrieved March 4, 2024."," March 4, 2024.",
33,G1028,APT-C-23,https://web.archive.org/web/20231126111812/https://about.fb.com/wp-content/uploads/2021/04/Technical-threat-report-Arid-Viper-April-2021.pdf,"Flossman, M., Scott, M. (2021, April). Technical Paper // Taking Action Against Arid Viper. Retrieved March 4, 2024."," March 4, 2024.",O
34,G1028,APT-C-23,https://web.archive.org/web/20230604112435/https://research.checkpoint.com/2018/interactive-mapping-of-apt-c-23/,"Kayal, A. (2018, August 26). Interactive Mapping of APT-C-23. Retrieved March 4, 2024."," March 4, 2024.",
35,G1028,APT-C-23,https://web.archive.org/web/20240226125457/https://research.checkpoint.com/2020/hamas-android-malware-on-idf-soldiers-this-is-how-it-happened/,"CheckPoint Research. (2020, February 16). Hamas Android Malware On IDF Soldiers-This is How it Happened. Retrieved March 4, 2024."," March 4, 2024.",
36,G1028,APT-C-23,https://web.archive.org/web/20231208015605/https://news.sophos.com/en-us/2021/11/23/android-apt-spyware-targeting-middle-east-victims-improves-its-capabilities/,"Kohli, P. (2021, November 23). Android APT spyware, targeting Middle East victims, enhances evasiveness. Retrieved March 4, 2024."," March 4, 2024.",
37,G0099,APT-C-36,https://web.archive.org/web/20190625182633if_/https://ti.360.net/blog/articles/apt-c-36-continuous-attacks-targeting-colombian-government-institutions-and-corporations-en/,"QiAnXin Threat Intelligence Center. (2019, February 18). APT-C-36: Continuous Attacks Targeting Colombian Government Institutions and Corporations. Retrieved May 5, 2020."," May 5, 2020.",
38,G0006,APT1,https://www.fireeye.com/content/dam/fireeye-www/services/pdfs/mandiant-apt1-report.pdf,"Mandiant. (n.d.). APT1 Exposing One of China?™s Cyber Espionage Units. Retrieved July 18, 2016."," July 18, 2016.",O
39,G0006,APT1,http://cdn0.vox-cdn.com/assets/4589853/crowdstrike-intelligence-report-putter-panda.original.pdf,"Crowdstrike Global Intelligence Team. (2014, June 9). CrowdStrike Intelligence Report: Putter Panda. Retrieved January 22, 2016."," January 22, 2016.",O
40,G0006,APT1,https://www.mandiant.com/sites/default/files/2021-09/mandiant-apt1-report.pdf,"Mandiant. (n.d.). Appendix C (Digital) - The Malware Arsenal. Retrieved July 18, 2016."," July 18, 2016.",O
41,G0006,APT1,https://www.fireeye.com/blog/threat-research/2014/05/the-pla-and-the-800am-500pm-work-day-fireeye-confirms-dojs-findings-on-apt1-intrusion-activity.html,"FireEye Labs. (2014, May 20). The PLA and the 8:00am-5:00pm Work Day: FireEye Confirms DOJ?™s Findings on APT1 Intrusion Activity. Retrieved November 4, 2014."," November 4, 2014.",
42,G0006,APT1,https://www.mcafee.com/enterprise/en-us/assets/reports/rp-operation-oceansalt.pdf,"Sherstobitoff, R., Malhotra, A. (2018, October 18). ?˜Operation Oceansalt??Attacks South Korea, U.S., and Canada With Source Code From Chinese Hacker Group. Retrieved November 30, 2018."," November 30, 2018.",O
43,G0005,APT12,http://www.crowdstrike.com/blog/whois-numbered-panda/,"Meyers, A. (2013, March 29). Whois Numbered Panda. Retrieved January 14, 2016."," January 14, 2016.",
44,G0005,APT12,https://www.fireeye.com/blog/threat-research/2014/09/darwins-favorite-apt-group-2.html,"Moran, N., Oppenheim, M., Engle, S., & Wartell, R.. (2014, September 3). Darwin?™s Favorite APT Group [Blog]. Retrieved November 12, 2014."," November 12, 2014.",
45,G0005,APT12,https://www.trendmicro.de/cloud-content/us/pdfs/security-intelligence/white-papers/wp_ixeshe.pdf,"Sancho, D., et al. (2012, May 22). IXESHE An APT Campaign. Retrieved June 7, 2019."," June 7, 2019.",O
46,G0005,APT12,https://www.fireeye.com/blog/threat-research/2013/08/survival-of-the-fittest-new-york-times-attackers-evolve-quickly.html,"Moran, N., & Villeneuve, N. (2013, August 12). Survival of the Fittest: New York Times Attackers Evolve Quickly [Blog]. Retrieved November 12, 2014."," November 12, 2014.",
47,G0023,APT16,https://web.archive.org/web/20151226205946/https://www.fireeye.com/blog/threat-research/2015/12/the-eps-awakens-part-two.html,"Winters, R. (2015, December 20). The EPS Awakens - Part 2. Retrieved January 22, 2016."," January 22, 2016.",
48,G0025,APT17,https://web.archive.org/web/20240119213200/https://www2.fireeye.com/rs/fireye/images/APT17_Report.pdf,"FireEye Labs/FireEye Threat Intelligence. (2015, May 14). Hiding in Plain Sight: FireEye and Microsoft Expose Obfuscation Tactic. Retrieved January 22, 2016."," January 22, 2016.",O
49,G0026,APT18,http://www.secureworks.com/resources/blog/where-you-at-indicators-of-lateral-movement-using-at-exe-on-windows-7-systems/,"Carvey, H.. (2014, September 2). Where you AT?: Indicators of lateral movement using at.exe on Windows 7 systems. Retrieved January 25, 2016."," January 25, 2016.",
50,G0026,APT18,https://www.threatstream.com/blog/evasive-maneuvers-the-wekby-group-attempts-to-evade-analysis-via-custom-rop,"Shelmire, A.. (2015, July 6). Evasive Maneuvers. Retrieved January 22, 2016."," January 22, 2016.",
51,G0026,APT18,https://www.anomali.com/blog/evasive-maneuvers-the-wekby-group-attempts-to-evade-analysis-via-custom-rop,"Shelmire, A. (2015, July 06). Evasive Maneuvers by the Wekby group with custom ROP-packing and DNS covert channels. Retrieved November 15, 2018."," November 15, 2018.",
52,G0026,APT18,https://researchcenter.paloaltonetworks.com/2016/05/unit42-new-wekby-attacks-use-dns-requests-as-command-and-control-mechanism/,"Grunzweig, J., et al. (2016, May 24). New Wekby Attacks Use DNS Requests As Command and Control Mechanism. Retrieved November 15, 2018."," November 15, 2018.",
53,G0026,APT18,https://published-prd.lanyonevents.com/published/rsaus17/sessionsFiles/5009/HTA-F02-Detecting-and-Responding-to-Advanced-Threats-within-Exchange-Environments.pdf,"Adair, S. (2017, February 17). Detecting and Responding to Advanced Threats within Exchange Environments. Retrieved March 20, 2017."," March 20, 2017.",O
54,G0026,APT18,http://researchcenter.paloaltonetworks.com/2016/05/unit42-new-wekby-attacks-use-dns-requests-as-command-and-control-mechanism/,"Grunzweig, J., et al. (2016, May 24). New Wekby Attacks Use DNS Requests As Command and Control Mechanism. Retrieved August 17, 2016."," August 17, 2016.",
55,G0073,APT19,https://www.fireeye.com/blog/threat-research/2017/06/phished-at-the-request-of-counsel.html,"Ahl, I. (2017, June 06). Privileges and Credentials: Phished at the Request of Counsel. Retrieved May 17, 2018."," May 17, 2018.",
56,G0073,APT19,https://web.archive.org/web/20171017072306/https://icitech.org/icit-brief-chinas-espionage-dynasty-economic-death-by-a-thousand-cuts/,"Scott, J. and Spaniel, D. (2016, July 28). ICIT Brief - China?™s Espionage Dynasty: Economic Death by a Thousand Cuts. Retrieved June 7, 2018."," June 7, 2018.",
57,G0073,APT19,https://www.fireeye.com/current-threats/apt-groups.html#apt19,"FireEye. (n.d.). Advanced Persistent Threat Groups. Retrieved August 3, 2018."," August 3, 2018.",
58,G0073,APT19,https://researchcenter.paloaltonetworks.com/2016/01/new-attacks-linked-to-c0d0s0-group/,"Grunzweig, J., Lee, B. (2016, January 22). New Attacks Linked to C0d0so0 Group. Retrieved August 2, 2018."," August 2, 2018.",
59,G0073,APT19,https://www.darkreading.com/attacks-breaches/chinese-hacking-group-codoso-team-uses-forbescom-as-watering-hole-/d/d-id/1319059,"Chickowski, E. (2015, February 10). Chinese Hacking Group Codoso Team Uses Forbes.com As Watering Hole. Retrieved September 13, 2018."," September 13, 2018.",
60,G0073,APT19,https://www.ncsc.gov.uk/report/joint-report-on-publicly-available-hacking-tools,"The Australian Cyber Security Centre (ACSC), the Canadian Centre for Cyber Security (CCCS), the New Zealand National Cyber Security Centre (NZ NCSC), CERT New Zealand, the UK National Cyber Security Centre (UK NCSC) and the US National Cybersecurity and Communications Integration Center (NCCIC). (2018, October 11). Joint report on publicly available hacking tools. Retrieved March 11, 2019."," March 11, 2019.",
61,G0007,APT28,https://media.defense.gov/2020/Aug/13/2002476465/-1/-1/0/CSA_DROVORUB_RUSSIAN_GRU_MALWARE_AUG_2020.PDF,"NSA/FBI. (2020, August). Russian GRU 85th GTsSS Deploys Previously Undisclosed Drovorub Malware. Retrieved August 25, 2020."," August 25, 2020.",O
62,G0007,APT28,https://media.defense.gov/2021/Jul/01/2002753896/-1/-1/1/CSA_GRU_GLOBAL_BRUTE_FORCE_CAMPAIGN_UOO158036-21.PDF,"NSA, CISA, FBI, NCSC. (2021, July). Russian GRU Conducting Global Brute Force Campaign to Compromise Enterprise and Cloud Environments. Retrieved July 26, 2021."," July 26, 2021.",O
63,G0007,APT28,https://www.justice.gov/file/1080281/download,"Mueller, R. (2018, July 13). Indictment - United States of America vs. VIKTOR BORISOVICH NETYKSHO, et al. Retrieved September 13, 2018."," September 13, 2018.",
64,G0007,APT28,https://arstechnica.com/information-technology/2018/07/from-bitly-to-x-agent-how-gru-hackers-targeted-the-2016-presidential-election/,"Gallagher, S. (2018, July 27). How they did it (and will likely try again): GRU hackers vs. US elections. Retrieved September 13, 2018."," September 13, 2018.",
65,G0007,APT28,https://www.crowdstrike.com/blog/bears-midst-intrusion-democratic-national-committee/,"Alperovitch, D.. (2016, June 15). Bears in the Midst: Intrusion into the Democratic National Committee. Retrieved August 3, 2016."," August 3, 2016.",
66,G0007,APT28,https://web.archive.org/web/20151022204649/https://www.fireeye.com/content/dam/fireeye-www/global/en/current-threats/pdfs/rpt-apt28.pdf,"FireEye. (2015). APT28: A WINDOW INTO RUSSIA?™S CYBER ESPIONAGE OPERATIONS?. Retrieved August 19, 2015."," August 19, 2015.",O
67,G0007,APT28,https://www.secureworks.com/research/threat-group-4127-targets-hillary-clinton-presidential-campaign,"SecureWorks Counter Threat Unit Threat Intelligence. (2016, June 16). Threat Group-4127 Targets Hillary Clinton Presidential Campaign. Retrieved August 3, 2016."," August 3, 2016.",
68,G0007,APT28,https://www2.fireeye.com/rs/848-DID-242/images/APT28-Center-of-Storm-2017.pdf,"FireEye iSIGHT Intelligence. (2017, January 11). APT28: At the Center of the Storm. Retrieved January 11, 2017."," January 11, 2017.",O
69,G0007,APT28,https://www.us-cert.gov/sites/default/files/publications/JAR_16-20296A_GRIZZLY%20STEPPE-2016-1229.pdf,"Department of Homeland Security and Federal Bureau of Investigation. (2016, December 29). GRIZZLY STEPPE ??Russian Malicious Cyber Activity. Retrieved January 11, 2017."," January 11, 2017.",O
70,G0007,APT28,https://researchcenter.paloaltonetworks.com/2018/03/unit42-sofacy-uses-dealerschoice-target-european-government-agency/,"Falcone, R. (2018, March 15). Sofacy Uses DealersChoice to Target European Government Agency. Retrieved June 4, 2018."," June 4, 2018.",
71,G0007,APT28,https://researchcenter.paloaltonetworks.com/2018/06/unit42-sofacy-groups-parallel-attacks/,"Lee, B., Falcone, R. (2018, June 06). Sofacy Group?™s Parallel Attacks. Retrieved June 18, 2018."," June 18, 2018.",
72,G0007,APT28,https://www.symantec.com/blogs/election-security/apt28-espionage-military-government,"Symantec Security Response. (2018, October 04). APT28: New Espionage Operations Target Military and Government Organizations. Retrieved November 14, 2018."," November 14, 2018.",
73,G0007,APT28,https://www.welivesecurity.com/2019/05/22/journey-zebrocy-land/,"ESET Research. (2019, May 22). A journey to Zebrocy land. Retrieved June 20, 2019."," June 20, 2019.",
74,G0007,APT28,https://www.justice.gov/opa/page/file/1098481/download,"Brady, S . (2018, October 3). Indictment - United States vs Aleksei Sergeyevich Morenets, et al.. Retrieved October 1, 2020."," October 1, 2020.",
75,G0007,APT28,https://www.secureworks.com/research/threat-profiles/iron-twilight,"Secureworks CTU. (n.d.). IRON TWILIGHT. Retrieved February 28, 2022."," February 28, 2022.",
76,G0007,APT28,https://www.secureworks.com/research/iron-twilight-supports-active-measures,"Secureworks CTU. (2017, March 30). IRON TWILIGHT Supports Active Measures. Retrieved February 28, 2022."," February 28, 2022.",
77,G0007,APT28,https://www.accenture.com/t20181129T203820Z__w__/us-en/_acnmedia/PDF-90/Accenture-snakemackerel-delivers-zekapab-malware.pdf#zoom=50,"Accenture Security. (2018, November 29). SNAKEMACKEREL. Retrieved April 15, 2019."," April 15, 2019.",O
78,G0007,APT28,https://blog.talosintelligence.com/2017/10/cyber-conflict-decoy-document.html,"Mercer, W., et al. (2017, October 22). ""Cyber Conflict"" Decoy Document Used in Real Cyber Conflict. Retrieved November 2, 2018."," November 2, 2018.",
79,G0007,APT28,https://securelist.com/sofacy-apt-hits-high-profile-targets-with-updated-toolset/72924/,"Kaspersky Lab's Global Research and Analysis Team. (2015, December 4). Sofacy APT hits high profile targets with updated toolset. Retrieved December 10, 2015."," December 10, 2015.",
80,G0007,APT28,http://www.welivesecurity.com/wp-content/uploads/2016/10/eset-sednit-part3.pdf,"ESET. (2016, October). En Route with Sednit - Part 3: A Mysterious Downloader. Retrieved November 21, 2016."," November 21, 2016.",O
81,G0007,APT28,https://www.trendmicro.com/en_us/research/20/l/pawn-storm-lack-of-sophistication-as-a-strategy.html,"Hacquebord, F., Remorin, L. (2020, December 17). Pawn Storm?™s Lack of Sophistication as a Strategy. Retrieved January 13, 2021."," January 13, 2021.",
82,G0007,APT28,https://securelist.com/a-slice-of-2017-sofacy-activity/83930/,"Kaspersky Lab's Global Research & Analysis Team. (2018, February 20). A Slice of 2017 Sofacy Activity. Retrieved November 27, 2018."," November 27, 2018.",
83,G0007,APT28,https://msrc-blog.microsoft.com/2019/08/05/corporate-iot-a-path-to-intrusion/,"MSRC Team. (2019, August 5). Corporate IoT ??a path to intrusion. Retrieved August 16, 2019."," August 16, 2019.",
84,G0007,APT28,https://www.microsoft.com/security/blog/2020/09/10/strontium-detecting-new-patters-credential-harvesting/,"Microsoft Threat Intelligence Center (MSTIC). (2020, September 10). STRONTIUM: Detecting new patterns in credential harvesting. Retrieved September 11, 2020."," September 11, 2020.",
85,G0007,APT28,https://learn.microsoft.com/en-us/microsoft-365/security/intelligence/microsoft-threat-actor-naming?view=o365-worldwide,"Microsoft . (2023, July 12). How Microsoft names threat actors. Retrieved November 17, 2023."," November 17, 2023.",
86,G0007,APT28,https://blog.google/threat-analysis-group/ukraine-remains-russias-biggest-cyber-focus-in-2023/,"Billy Leonard. (2023, April 19). Ukraine remains Russia?™s biggest cyber focus in 2023. Retrieved March 1, 2024."," March 1, 2024.",
87,G0007,APT28,https://www.fireeye.com/blog/threat-research/2015/04/probable_apt28_useo.html,"FireEye Labs. (2015, April 18). Operation RussianDoll: Adobe & Windows Zero-Day Exploits Likely Leveraged by Russia?™s APT28 in Highly-Targeted Attack. Retrieved April 24, 2017."," April 24, 2017.",
88,G0007,APT28,https://blog.google/threat-analysis-group/update-threat-landscape-ukraine,"Huntley, S. (2022, March 7). An update on the threat landscape. Retrieved March 16, 2022."," March 16, 2022.",
89,G0007,APT28,https://documents.trendmicro.com/assets/white_papers/wp-pawn-storm-in-2019.pdf,"Hacquebord, F. (n.d.). Pawn Storm in 2019 A Year of Scanning and Credential Phishing on High-Profile Targets. Retrieved December 29, 2020."," December 29, 2020.",O
90,G0007,APT28,https://pan-unit42.github.io/playbook_viewer/,"Unit 42. (2017, December 15). Unit 42 Playbook Viewer. Retrieved December 20, 2017."," December 20, 2017.",
91,G0007,APT28,https://blogs.microsoft.com/on-the-issues/2020/09/10/cyberattacks-us-elections-trump-biden/,"Burt, T. (2020, September 10). New cyberattacks targeting U.S. elections. Retrieved March 24, 2021."," March 24, 2021.",
92,G0007,APT28,https://researchcenter.paloaltonetworks.com/2018/11/unit42-sofacy-continues-global-attacks-wheels-new-cannon-trojan/,"Falcone, R., Lee, B. (2018, November 20). Sofacy Continues Global Attacks and Wheels Out New ?˜Cannon??Trojan. Retrieved November 26, 2018."," November 26, 2018.",
93,G0007,APT28,http://download.microsoft.com/download/4/4/C/44CDEF0E-7924-4787-A56A-16261691ACE3/Microsoft_Security_Intelligence_Report_Volume_19_English.pdf,"Anthe, C. et al. (2015, October 19). Microsoft Security Intelligence Report Volume 19. Retrieved December 23, 2015."," December 23, 2015.",O
94,G0007,APT28,https://paper.seebug.org/papers/APT/APT_CyberCriminal_Campagin/2015/2015.11.04_Evolving_Threats/cct-w08_evolving-threats-dissection-of-a-cyber-espionage-attack.pdf,"Maccaglia, S. (2015, November 4). Evolving Threats: dissection of a CyberEspionage attack. Retrieved April 4, 2018."," April 4, 2018.",O
95,G0007,APT28,https://netzpolitik.org/2015/digital-attack-on-german-parliament-investigative-report-on-the-hack-of-the-left-party-infrastructure-in-bundestag/,"Guarnieri, C. (2015, June 19). Digital Attack on German Parliament: Investigative Report on the Hack of the Left Party Infrastructure in Bundestag. Retrieved January 22, 2018."," January 22, 2018.",
96,G0007,APT28,https://researchcenter.paloaltonetworks.com/2018/02/unit42-sofacy-attacks-multiple-government-entities/,"Lee, B, et al. (2018, February 28). Sofacy Attacks Multiple Government Entities. Retrieved March 15, 2018."," March 15, 2018.",
97,G0007,APT28,http://www.welivesecurity.com/wp-content/uploads/2016/10/eset-sednit-part1.pdf,"ESET. (2016, October). En Route with Sednit - Part 1: Approaching the Target. Retrieved November 8, 2016."," November 8, 2016.",O
98,G0007,APT28,https://download.bitdefender.com/resources/media/materials/white-papers/en/Bitdefender_In-depth_analysis_of_APT28%E2%80%93The_Political_Cyber-Espionage.pdf,"Bitdefender. (2015, December). APT28 Under the Scope. Retrieved February 23, 2017."," February 23, 2017.",O
99,G0007,APT28,https://www.fireeye.com/blog/threat-research/2017/08/apt28-targets-hospitality-sector.html,"Smith, L. and Read, B.. (2017, August 11). APT28 Targets Hospitality Sector, Presents Threat to Travelers. Retrieved August 17, 2017."," August 17, 2017.",
100,G0007,APT28,https://docs.microsoft.com/en-us/security-updates/securitybulletins/2017/ms17-010,"Microsoft. (2017, March 14). Microsoft Security Bulletin MS17-010 - Critical. Retrieved August 17, 2017."," August 17, 2017.",
101,G0007,APT28,https://securingtomorrow.mcafee.com/mcafee-labs/apt28-threat-group-adopts-dde-technique-nyc-attack-theme-in-latest-campaign/,"Sherstobitoff, R., Rea, M. (2017, November 7). Threat Group APT28 Slips Office Malware into Doc Citing NYC Terror Attack. Retrieved November 21, 2017."," November 21, 2017.",
102,G0007,APT28,http://securityaffairs.co/wordpress/65318/hacking/dde-attack-apt28.html,"Paganini, P. (2017, November 9). Russia-Linked APT28 group observed using DDE attack to deliver malware. Retrieved November 21, 2017."," November 21, 2017.",
103,G0007,APT28,https://researchcenter.paloaltonetworks.com/2016/07/unit42-technical-walkthrough-office-test-persistence-method-used-in-recent-sofacy-attacks/,"Falcone, R. (2016, July 20). Technical Walkthrough: Office Test Persistence Method Used In Recent Sofacy Attacks. Retrieved July 3, 2017."," July 3, 2017.",
104,G0007,APT28,http://www.welivesecurity.com/wp-content/uploads/2016/10/eset-sednit-part-2.pdf,"ESET. (2016, October). En Route with Sednit - Part 2: Observing the Comings and Goings. Retrieved November 21, 2016."," November 21, 2016.",O
105,G0007,APT28,https://www.welivesecurity.com/wp-content/uploads/2018/09/ESET-LoJax.pdf,"ESET. (2018, September). LOJAX First UEFI rootkit found in the wild, courtesy of the Sednit group. Retrieved July 2, 2019."," July 2, 2019.",O
106,G0007,APT28,https://researchcenter.paloaltonetworks.com/2017/02/unit42-xagentosx-sofacys-xagent-macos-tool/,"Robert Falcone. (2017, February 14). XAgentOSX: Sofacy's Xagent macOS Tool. Retrieved July 12, 2017."," July 12, 2017.",
107,G0007,APT28,https://blog.trendmicro.com/trendlabs-security-intelligence/pawn-storm-abuses-open-authentication-advanced-social-engineering-attacks,"Hacquebord, F.. (2017, April 25). Pawn Storm Abuses Open Authentication in Advanced Social Engineering Attacks. Retrieved October 4, 2019."," October 4, 2019.",
108,G0007,APT28,https://unit42.paloaltonetworks.com/dear-joohn-sofacy-groups-global-campaign/,"Lee, B., Falcone, R. (2018, December 12). Dear Joohn: The Sofacy Group?™s Global Campaign. Retrieved April 19, 2019."," April 19, 2019.",
109,G0007,APT28,https://documents.trendmicro.com/assets/wp/wp-two-years-of-pawn-storm.pdf,"Hacquebord, F.. (2017, April 25). Two Years of Pawn Storm: Examining an Increasingly Relevant Threat. Retrieved May 3, 2017."," May 3, 2017.",O
110,G0007,APT28,https://researchcenter.paloaltonetworks.com/2016/02/a-look-into-fysbis-sofacys-linux-backdoor/,"Bryan Lee and Rob Downs. (2016, February 12). A Look Into Fysbis: Sofacy?™s Linux Backdoor. Retrieved September 10, 2017."," September 10, 2017.",
111,G0007,APT28,https://researchcenter.paloaltonetworks.com/2016/09/unit42-sofacys-komplex-os-x-trojan/,"Dani Creus, Tyler Halfpop, Robert Falcone. (2016, September 26). Sofacy's 'Komplex' OS X Trojan. Retrieved July 8, 2017."," July 8, 2017.",
112,G0007,APT28,https://www.crowdstrike.com/wp-content/brochures/FancyBearTracksUkrainianArtillery.pdf,"CrowdStrike Global Intelligence Team. (2016). Use of Fancy Bear Android Malware in Tracking of Ukrainian FIeld Artillery Units. Retrieved February 6, 2017."," February 6, 2017.",O
113,G0016,APT29,https://www.whitehouse.gov/briefing-room/statements-releases/2021/04/15/fact-sheet-imposing-costs-for-harmful-foreign-activities-by-the-russian-government/,"White House. (2021, April 15). Imposing Costs for Harmful Foreign Activities by the Russian Government. Retrieved April 16, 2021."," April 16, 2021.",
114,G0016,APT29,https://www.gov.uk/government/news/russia-uk-and-us-expose-global-campaigns-of-malign-activity-by-russian-intelligence-services,"UK Gov. (2021, April 15). UK and US expose global campaign of malign activity by Russian intelligence services . Retrieved April 16, 2021."," April 16, 2021.",
115,G0016,APT29,https://www.f-secure.com/documents/996508/1030745/dukes_whitepaper.pdf,"F-Secure Labs. (2015, September 17). The Dukes: 7 years of Russian cyberespionage. Retrieved December 10, 2015."," December 10, 2015.",O
116,G0016,APT29,https://www.us-cert.gov/sites/default/files/publications/JAR_16-20296A_GRIZZLY%20STEPPE-2016-1229.pdf,"Department of Homeland Security and Federal Bureau of Investigation. (2016, December 29). GRIZZLY STEPPE ??Russian Malicious Cyber Activity. Retrieved January 11, 2017."," January 11, 2017.",O
117,G0016,APT29,https://www.crowdstrike.com/blog/bears-midst-intrusion-democratic-national-committee/,"Alperovitch, D.. (2016, June 15). Bears in the Midst: Intrusion into the Democratic National Committee. Retrieved August 3, 2016."," August 3, 2016.",
118,G0016,APT29,https://www.gov.uk/government/news/russia-uk-exposes-russian-involvement-in-solarwinds-cyber-compromise,"UK Gov. (2021, April 15). UK exposes Russian involvement in SolarWinds cyber compromise . Retrieved April 16, 2021."," April 16, 2021.",
119,G0016,APT29,https://media.defense.gov/2021/Apr/15/2002621240/-1/-1/0/CSA_SVR_TARGETS_US_ALLIES_UOO13234021.PDF/CSA_SVR_TARGETS_US_ALLIES_UOO13234021.PDF,"NSA, FBI, DHS. (2021, April 15). Russian SVR Targets U.S. and Allied Networks. Retrieved April 16, 2021."," April 16, 2021.",O
120,G0016,APT29,https://www.ncsc.gov.uk/news/uk-and-us-call-out-russia-for-solarwinds-compromise,"UK NCSC. (2021, April 15). UK and US call out Russia for SolarWinds compromise. Retrieved April 16, 2021."," April 16, 2021.",
121,G0016,APT29,https://www.fireeye.com/blog/threat-research/2020/12/evasive-attacker-leverages-solarwinds-supply-chain-compromises-with-sunburst-backdoor.html,"FireEye. (2020, December 13). Highly Evasive Attacker Leverages SolarWinds Supply Chain to Compromise Multiple Global Victims With SUNBURST Backdoor. Retrieved January 4, 2021."," January 4, 2021.",
122,G0016,APT29,https://www.microsoft.com/security/blog/2021/03/04/goldmax-goldfinder-sibot-analyzing-nobelium-malware/,"Nafisi, R., Lelli, A. (2021, March 4). GoldMax, GoldFinder, and Sibot: Analyzing NOBELIUM?™s layered persistence. Retrieved March 8, 2021."," March 8, 2021.",
123,G0016,APT29,https://www.crowdstrike.com/blog/sunspot-malware-technical-analysis/,"CrowdStrike Intelligence Team. (2021, January 11). SUNSPOT: An Implant in the Build Process. Retrieved January 11, 2021."," January 11, 2021.",
124,G0016,APT29,https://www.volexity.com/blog/2020/12/14/dark-halo-leverages-solarwinds-compromise-to-breach-organizations/,"Cash, D. et al. (2020, December 14). Dark Halo Leverages SolarWinds Compromise to Breach Organizations. Retrieved December 29, 2020."," December 29, 2020.",
125,G0016,APT29,https://www.ncsc.gov.uk/files/Advisory-further-TTPs-associated-with-SVR-cyber-actors.pdf,"NCSC, CISA, FBI, NSA. (2021, May 7). Further TTPs associated with SVR cyber actors. Retrieved July 29, 2021."," July 29, 2021.",O
126,G0016,APT29,https://unit42.paloaltonetworks.com/solarstorm-supply-chain-attack-timeline/,"Unit 42. (2020, December 23). SolarStorm Supply Chain Attack Timeline. Retrieved March 24, 2023."," March 24, 2023.",
127,G0016,APT29,https://www.secureworks.com/research/threat-profiles/iron-ritual,"Secureworks CTU. (n.d.). IRON RITUAL. Retrieved February 24, 2022."," February 24, 2022.",
128,G0016,APT29,http://www.secureworks.com/research/threat-profiles/iron-hemlock,"Secureworks CTU. (n.d.). IRON HEMLOCK. Retrieved February 22, 2022."," February 22, 2022.",
129,G0016,APT29,https://labs.sentinelone.com/noblebaron-new-poisoned-installers-could-be-used-in-supply-chain-attacks/,"Guerrero-Saade, J. (2021, June 1). NobleBaron | New Poisoned Installers Could Be Used In Supply Chain Attacks. Retrieved August 4, 2021."," August 4, 2021.",
130,G0016,APT29,https://www.microsoft.com/security/blog/2021/05/27/new-sophisticated-email-based-attack-from-nobelium/,"Microsoft Threat Intelligence Center (MSTIC). (2021, May 27). New sophisticated email-based attack from NOBELIUM. Retrieved May 28, 2021."," May 28, 2021.",
131,G0016,APT29,https://www.microsoft.com/security/blog/2021/05/28/breaking-down-nobeliums-latest-early-stage-toolset/,"MSTIC. (2021, May 28). Breaking down NOBELIUM?™s latest early-stage toolset. Retrieved August 4, 2021."," August 4, 2021.",
132,G0016,APT29,https://msrc-blog.microsoft.com/2021/06/25/new-nobelium-activity/,"MSRC. (2021, June 25). New Nobelium activity. Retrieved August 4, 2021."," August 4, 2021.",
133,G0016,APT29,https://www.microsoft.com/security/blog/2018/12/03/analysis-of-cyberattack-on-u-s-think-tanks-non-profits-public-sector-by-unidentified-attackers/,"Microsoft Defender Research Team. (2018, December 3). Analysis of cyberattack on U.S. think tanks, non-profits, public sector by unidentified attackers. Retrieved April 15, 2019."," April 15, 2019.",
134,G0016,APT29,https://www.welivesecurity.com/wp-content/uploads/2019/10/ESET_Operation_Ghost_Dukes.pdf,"Faou, M., Tartare, M., Dupuy, T. (2019, October). OPERATION GHOST. Retrieved September 23, 2020."," September 23, 2020.",O
135,G0016,APT29,https://www.ncsc.gov.uk/files/Advisory-APT29-targets-COVID-19-vaccine-development-V1-1.pdf,"National Cyber Security Centre. (2020, July 16). Advisory: APT29 targets COVID-19 vaccine development. Retrieved September 29, 2020."," September 29, 2020.",O
136,G0016,APT29,https://www.crowdstrike.com/blog/observations-from-the-stellarparticle-campaign/,"CrowdStrike. (2022, January 27). Early Bird Catches the Wormhole: Observations from the StellarParticle Campaign. Retrieved February 7, 2022."," February 7, 2022.",
137,G0016,APT29,https://www.pwc.co.uk/issues/cyber-security-services/insights/cleaning-up-after-wellmess.html,"PWC. (2020, July 16). How WellMess malware has been used to target COVID-19 vaccines. Retrieved September 24, 2020."," September 24, 2020.",
138,G0016,APT29,https://www.pwc.co.uk/issues/cyber-security-services/insights/wellmess-analysis-command-control.html,"PWC. (2020, August 17). WellMess malware: analysis of its Command and Control (C2) server. Retrieved September 29, 2020."," September 29, 2020.",
139,G0016,APT29,https://www.mandiant.com/resources/blog/unc3524-eye-spy-email,"Mandiant. (2022, May 2). UNC3524: Eye Spy on Your Email. Retrieved August 17, 2023."," August 17, 2023.",
140,G0016,APT29,https://learn.microsoft.com/en-us/microsoft-365/security/intelligence/microsoft-threat-actor-naming?view=o365-worldwide,"Microsoft . (2023, July 12). How Microsoft names threat actors. Retrieved November 17, 2023."," November 17, 2023.",
141,G0016,APT29,https://www.mandiant.com/resources/blog/unc2452-merged-into-apt29,"Mandiant. (2020, April 27). Assembling the Russian Nesting Doll: UNC2452 Merged into APT29. Retrieved March 26, 2023."," March 26, 2023.",
142,G0016,APT29,https://www.slideshare.net/slideshow/no-easy-breach-derby-con-2016/66447908,"Dunwoody, M. and Carr, N.. (2016, September 27). No Easy Breach DerbyCon 2016. Retrieved September 12, 2024."," September 12, 2024.",
143,G0016,APT29,https://www.microsoft.com/security/blog/2021/10/25/nobelium-targeting-delegated-administrative-privileges-to-facilitate-broader-attacks/,"Microsoft Threat Intelligence Center. (2021, October 25). NOBELIUM targeting delegated administrative privileges to facilitate broader attacks. Retrieved March 25, 2022."," March 25, 2022.",
144,G0016,APT29,https://msrc-blog.microsoft.com/2020/12/13/customer-guidance-on-recent-nation-state-cyber-attacks/,"MSRC. (2020, December 13). Customer Guidance on Recent Nation-State Cyber Attacks. Retrieved December 30, 2020."," December 30, 2020.",
145,G0016,APT29,https://www.mandiant.com/resources/blog/apt29-continues-targeting-microsoft,"Douglas Bienstock. (2022, August 18). You Can?™t Audit Me: APT29 Continues Targeting Microsoft 365. Retrieved February 23, 2023."," February 23, 2023.",
146,G0016,APT29,https://www.ic3.gov/Media/News/2024/240226.pdf,"UK National Cyber Security Center et al. (2024, February). SVR cyber actors adapt tactics for initial cloud access. Retrieved March 1, 2024."," March 1, 2024.",O
147,G0016,APT29,https://www.fireeye.com/blog/threat-research/2021/03/sunshuttle-second-stage-backdoor-targeting-us-based-entity.html,"Smith, L., Leathery, J., Read, B. (2021, March 4). New SUNSHUTTLE Second-Stage Backdoor Uncovered Targeting U.S.-Based Entity; Possible Connection to UNC2452. Retrieved March 12, 2021."," March 12, 2021.",
148,G0016,APT29,https://www2.fireeye.com/rs/848-DID-242/images/rpt-apt29-hammertoss.pdf,"FireEye Labs. (2015, July). HAMMERTOSS: Stealthy Tactics Define a Russian Cyber Threat Group. Retrieved September 17, 2015."," September 17, 2015.",O
149,G0016,APT29,https://www.microsoft.com/security/blog/2021/01/20/deep-dive-into-the-solorigate-second-stage-activation-from-sunburst-to-teardrop-and-raindrop/,"MSTIC, CDOC, 365 Defender Research Team. (2021, January 20). Deep dive into the Solorigate second-stage activation: From SUNBURST to TEARDROP and Raindrop . Retrieved January 22, 2021."," January 22, 2021.",
150,G0016,APT29,http://www.symantec.com/connect/blogs/forkmeiamfamous-seaduke-latest-weapon-duke-armory,"Symantec Security Response. (2015, July 13). ?œForkmeiamfamous?? Seaduke, latest weapon in the Duke armory. Retrieved July 22, 2015."," July 22, 2015.",
151,G0016,APT29,https://www.welivesecurity.com/wp-content/uploads/2022/02/eset_threat_report_t32021.pdf,"ESET. (2022, February). THREAT REPORT T3 2021. Retrieved February 10, 2022."," February 10, 2022.",O
152,G0016,APT29,https://www.microsoft.com/security/blog/2020/12/18/analyzing-solorigate-the-compromised-dll-file-that-started-a-sophisticated-cyberattack-and-how-microsoft-defender-helps-protect/,"MSTIC. (2020, December 18). Analyzing Solorigate, the compromised DLL file that started a sophisticated cyberattack, and how Microsoft Defender helps protect customers . Retrieved January 5, 2021."," January 5, 2021.",
153,G0016,APT29,https://www.cert.ssi.gouv.fr/uploads/CERTFR-2021-CTI-011.pdf,"ANSSI. (2021, December 6). PHISHING CAMPAIGNS BY THE NOBELIUM INTRUSION SET. Retrieved April 13, 2022."," April 13, 2022.",O
154,G0016,APT29,https://msrc-blog.microsoft.com/2021/02/18/microsoft-internal-solorigate-investigation-final-update/,"MSRC Team. (2021, February 18). Microsoft Internal Solorigate Investigation ??Final Update. Retrieved May 14, 2021."," May 14, 2021.",
155,G0016,APT29,https://symantec-enterprise-blogs.security.com/blogs/threat-intelligence/solarwinds-raindrop-malware,"Symantec Threat Hunter Team. (2021, January 18). Raindrop: New Malware Discovered in SolarWinds Investigation. Retrieved January 19, 2021."," January 19, 2021.",
156,G0016,APT29,https://www.microsoft.com/security/blog/2020/12/28/using-microsoft-365-defender-to-coordinate-protection-against-solorigate/,"Microsoft 365 Defender Team. (2020, December 28). Using Microsoft 365 Defender to protect against Solorigate. Retrieved January 7, 2021."," January 7, 2021.",
157,G0016,APT29,https://www.fireeye.com/blog/threat-research/2017/03/apt29_domain_frontin.html,"Dunwoody, M. (2017, March 27). APT29 Domain Fronting With TOR. Retrieved March 27, 2017."," March 27, 2017.",
158,G0016,APT29,https://www.microsoft.com/security/blog/2022/08/24/magicweb-nobeliums-post-compromise-trick-to-authenticate-as-anyone/,"Microsoft Threat Intelligence Center, Microsoft Detection and Response Team, Microsoft 365 Defender Research Team . (2022, August 24). MagicWeb: NOBELIUM?™s post-compromise trick to authenticate as anyone. Retrieved September 28, 2022."," September 28, 2022.",
159,G0016,APT29,https://www.mandiant.com/resources/russian-targeting-gov-business,"Luke Jenkins, Sarah Hawley, Parnian Najafi, Doug Bienstock. (2021, December 6). Suspected Russian Activity Targeting Government and Business Entities Around the Globe. Retrieved April 15, 2022."," April 15, 2022.",
160,G0016,APT29,https://www.secureworks.com/blog/usaid-themed-phishing-campaign-leverages-us-elections-lure,"Secureworks CTU. (2021, May 28). USAID-Themed Phishing Campaign Leverages U.S. Elections Lure. Retrieved February 24, 2022."," February 24, 2022.",
161,G0016,APT29,https://www.mandiant.com/sites/default/files/2022-08/remediation-hardening-strategies-for-m365-defend-against-apt29-white-paper.pdf,"Mandiant. (2022, August). Remediation and Hardening Strategies for  Microsoft 365 to Defend Against APT29. Retrieved February 21, 2023."," February 21, 2023.",O
162,G0016,APT29,https://www.mandiant.com/resources/tracking-apt29-phishing-campaigns,"Wolfram, J. et al. (2022, April 28). Trello From the Other Side: Tracking APT29 Phishing Campaigns. Retrieved August 3, 2022."," August 3, 2022.",
163,G0016,APT29,https://orangematter.solarwinds.com/2021/01/11/new-findings-from-our-investigation-of-sunburst/,"Sudhakar Ramakrishna . (2021, January 11). New Findings From Our Investigation of SUNBURST. Retrieved January 13, 2021."," January 13, 2021.",
164,G0016,APT29,https://www.microsoft.com/security/blog/2021/09/27/foggyweb-targeted-nobelium-malware-leads-to-persistent-backdoor/,"Ramin Nafisi. (2021, September 27). FoggyWeb: Targeted NOBELIUM malware leads to persistent backdoor. Retrieved October 4, 2021."," October 4, 2021.",
165,G0016,APT29,https://us-cert.cisa.gov/ncas/analysis-reports/ar20-198a,"CISA. (2020, July 16). MAR-10296782-1.v1 ??SOREFANG. Retrieved September 29, 2020."," September 29, 2020.",
166,G0016,APT29,https://www.fireeye.com/blog/threat-research/2017/03/dissecting_one_ofap.html,"Dunwoody, M.. (2017, April 3). Dissecting One of APT29?™s Fileless WMI and PowerShell Backdoors (POSHSPY). Retrieved April 5, 2017."," April 5, 2017.",
167,G0016,APT29,https://www.volexity.com/blog/2016/11/09/powerduke-post-election-spear-phishing-campaigns-targeting-think-tanks-and-ngos/,"Adair, S.. (2016, November 9). PowerDuke: Widespread Post-Election Spear Phishing Campaigns Targeting Think Tanks and NGOs. Retrieved January 11, 2017."," January 11, 2017.",
168,G0016,APT29,https://us-cert.cisa.gov/ncas/analysis-reports/ar20-198c,"CISA. (2020, July 16). MAR-10296782-3.v1 ??WELLMAIL. Retrieved September 29, 2020."," September 29, 2020.",
169,G0016,APT29,https://us-cert.cisa.gov/ncas/analysis-reports/ar20-198b,"CISA. (2020, July 16). MAR-10296782-2.v1 ??WELLMESS. Retrieved September 24, 2020."," September 24, 2020.",
170,G0022,APT3,https://www.fireeye.com/blog/threat-research/2015/06/operation-clandestine-wolf-adobe-flash-zero-day.html,"Eng, E., Caselden, D.. (2015, June 23). Operation Clandestine Wolf ??Adobe Flash Zero-Day in APT3 Phishing Campaign. Retrieved January 14, 2016."," January 14, 2016.",
171,G0022,APT3,https://www.recordedfuture.com/research/chinese-mss-behind-apt3,"Insikt Group (Recorded Future). (2017, May 17). Recorded Future Research Concludes Chinese Ministry of State Security Behind APT3. Retrieved September 16, 2024."," September 16, 2024.",
172,G0022,APT3,https://www.fireeye.com/blog/threat-research/2014/11/operation_doubletap.html,"Moran, N., et al. (2014, November 21). Operation Double Tap. Retrieved January 14, 2016."," January 14, 2016.",
173,G0022,APT3,http://www.symantec.com/connect/blogs/buckeye-cyberespionage-group-shifts-gaze-us-hong-kong,"Symantec Security Response. (2016, September 6). Buckeye cyberespionage group shifts gaze from US to Hong Kong. Retrieved September 26, 2016."," September 26, 2016.",
174,G0022,APT3,http://pwc.blogs.com/cyber_security_updates/2015/07/pirpi-scanbox.html,"Lancaster, T. (2015, July 25). A tale of Pirpi, Scanbox & CVE-2015-3113. Retrieved March 30, 2016."," March 30, 2016.",
175,G0022,APT3,http://carnal0wnage.attackresearch.com/2012/09/more-on-aptsim.html,"valsmith. (2012, September 21). More on APTSim. Retrieved September 28, 2017."," September 28, 2017.",
176,G0022,APT3,https://attack.mitre.org/docs/APT3_Adversary_Emulation_Plan.pdf,"Korban, C, et al. (2017, September). APT3 Adversary Emulation Plan. Retrieved January 16, 2018."," January 16, 2018.",O
177,G0022,APT3,https://www.fireeye.com/blog/threat-research/2014/04/new-zero-day-exploit-targeting-internet-explorer-versions-9-through-11-identified-in-targeted-attacks.html,"Chen, X., Scott, M., Caselden, D.. (2014, April 26). New Zero-Day Exploit targeting Internet Explorer Versions 9 through 11 Identified in Targeted Attacks. Retrieved January 14, 2016."," January 14, 2016.",
178,G0022,APT3,https://recon.cx/2017/montreal/resources/slides/RECON-MTL-2017-evolution_of_pirpi.pdf,"Yates, M. (2017, June 18). APT3 Uncovered: The code evolution of Pirpi. Retrieved September 28, 2017."," September 28, 2017.",O
179,G0022,APT3,https://www.fireeye.com/blog/threat-research/2014/06/clandestine-fox-part-deux.html,"Scott, M.. (2014, June 10). Clandestine Fox, Part Deux. Retrieved January 14, 2016."," January 14, 2016.",
180,G0022,APT3,https://x.com/cglyer/status/985311489782374400,"Glyer, C. (2018, April 14). @cglyer Status Update. Retrieved September 12, 2024."," September 12, 2024.",
181,G0013,APT30,https://www2.fireeye.com/rs/fireye/images/rpt-apt30.pdf,"FireEye Labs. (2015, April). APT30 AND THE MECHANICS OF A LONG-RUNNING CYBER ESPIONAGE OPERATION. Retrieved May 1, 2015."," May 1, 2015.",O
182,G0013,APT30,https://securelist.com/the-naikon-apt/69953/,"Baumgartner, K., Golovkin, M.. (2015, May 14). The Naikon APT. Retrieved January 14, 2015."," January 14, 2015.",
183,G0050,APT32,https://www.fireeye.com/blog/threat-research/2017/05/cyber-espionage-apt32.html,"Carr, N.. (2017, May 14). Cyber Espionage is Alive and Well: APT32 and the Threat to Global Corporations. Retrieved June 18, 2017."," June 18, 2017.",
184,G0050,APT32,https://www.volexity.com/blog/2017/11/06/oceanlotus-blossoms-mass-digital-surveillance-and-exploitation-of-asean-nations-the-media-human-rights-and-civil-society/,"Lassalle, D., et al. (2017, November 6). OceanLotus Blossoms: Mass Digital Surveillance and Attacks Targeting ASEAN, Asian Nations, the Media, Human Rights Groups, and Civil Society. Retrieved November 6, 2017."," November 6, 2017.",
185,G0050,APT32,https://www.welivesecurity.com/2018/03/13/oceanlotus-ships-new-backdoor/,"FoltÃ½n, T. (2018, March 13). OceanLotus ships new backdoor using old tricks. Retrieved May 22, 2018."," May 22, 2018.",
186,G0050,APT32,https://www.cybereason.com/blog/operation-cobalt-kitty-apt,"Dahan, A. (2017, May 24). OPERATION COBALT KITTY: A LARGE-SCALE APT IN ASIA CARRIED OUT BY THE OCEANLOTUS GROUP. Retrieved November 5, 2018."," November 5, 2018.",
187,G0050,APT32,https://www.welivesecurity.com/2019/03/20/fake-or-fake-keeping-up-with-oceanlotus-decoys/,"Dumont, R. (2019, March 20). Fake or Fake: Keeping up with OceanLotus decoys. Retrieved April 1, 2019."," April 1, 2019.",
188,G0050,APT32,https://www.amnestyusa.org/wp-content/uploads/2021/02/Click-and-Bait_Vietnamese-Human-Rights-Defenders-Targeted-with-Spyware-Attacks.pdf,"Amnesty International. (2021, February 24). Vietnamese activists targeted by notorious hacking group. Retrieved March 1, 2021."," March 1, 2021.",O
189,G0050,APT32,https://learn.microsoft.com/en-us/microsoft-365/security/intelligence/microsoft-threat-actor-naming?view=o365-worldwide,"Microsoft . (2023, July 12). How Microsoft names threat actors. Retrieved November 17, 2023."," November 17, 2023.",
190,G0050,APT32,https://cdn2.hubspot.net/hubfs/3354902/Cybereason%20Labs%20Analysis%20Operation%20Cobalt%20Kitty.pdf,"Dahan, A. (2017). Operation Cobalt Kitty. Retrieved December 27, 2018."," December 27, 2018.",O
191,G0050,APT32,https://www.volexity.com/blog/2020/11/06/oceanlotus-extending-cyber-espionage-operations-through-fake-websites/,"Adair, S. and Lancaster, T. (2020, November 6). OceanLotus: Extending Cyber Espionage Operations Through Fake Websites. Retrieved November 20, 2020."," November 20, 2020.",
192,G0050,APT32,https://www.welivesecurity.com/2019/04/09/oceanlotus-macos-malware-update/,"Dumont, R.. (2019, April 9). OceanLotus: macOS malware update. Retrieved April 15, 2019."," April 15, 2019.",
193,G0050,APT32,https://x.com/ItsReallyNick/status/945681177108762624,"Carr, N.. (2017, December 26). Nick Carr Status Update APT32 pubprn. Retrieved September 12, 2024."," September 12, 2024.",
194,G0050,APT32,https://github.com/danielbohannon/Invoke-Obfuscation,"Bohannon, D.. (2017, March 13). Invoke-Obfuscation - PowerShell Obfuscator. Retrieved June 18, 2017."," June 18, 2017.",
195,G0050,APT32,https://www.fireeye.com/blog/threat-research/2020/04/apt32-targeting-chinese-government-in-covid-19-related-espionage.html,"Henderson, S., et al. (2020, April 22). Vietnamese Threat Actors APT32 Targeting Wuhan Government and Chinese Ministry of Emergency Management in Latest Example of COVID-19 Related Espionage. Retrieved April 28, 2020."," April 28, 2020.",
196,G0050,APT32,https://x.com/ItsReallyNick/status/944321013084573697,"Carr, N. (2017, December 22). ItsReallyNick Status Update. Retrieved September 12, 2024."," September 12, 2024.",
197,G0050,APT32,https://unit42.paloaltonetworks.com/tracking-oceanlotus-new-downloader-kerrdown/,"Ray, V. and Hayashi, K. (2019, February 1). Tracking OceanLotus??new Downloader, KerrDown. Retrieved October 1, 2021."," October 1, 2021.",
198,G0050,APT32,https://blog.trendmicro.com/trendlabs-security-intelligence/new-macos-backdoor-linked-to-oceanlotus-found/,"Horejsi, J. (2018, April 04). New MacOS Backdoor Linked to OceanLotus Found. Retrieved November 13, 2018."," November 13, 2018.",
199,G0050,APT32,https://blog.netlab.360.com/rotajakiro_linux_version_of_oceanlotus/,"Alex Turing. (2021, May 6). RotaJakiro, the Linux version of the OceanLotus. Retrieved June 14, 2023."," June 14, 2023.",
200,G0064,APT33,https://www.fireeye.com/blog/threat-research/2017/09/apt33-insights-into-iranian-cyber-espionage.html,"O'Leary, J., et al. (2017, September 20). Insights into Iranian Cyber Espionage: APT33 Targets Aerospace and Energy Sectors and has Ties to Destructive Malware. Retrieved February 15, 2018."," February 15, 2018.",
201,G0064,APT33,https://www.brighttalk.com/webcast/10703/275683,"Davis, S. and Carr, N. (2017, September 21). APT33: New Insights into Iranian Cyber Espionage Group. Retrieved February 15, 2018."," February 15, 2018.",
202,G0064,APT33,https://www.microsoft.com/security/blog/2020/06/18/inside-microsoft-threat-protection-mapping-attack-chains-from-cloud-to-endpoint/,"Microsoft Threat Protection Intelligence Team. (2020, June 18). Inside Microsoft Threat Protection: Mapping attack chains from cloud to endpoint. Retrieved June 22, 2020."," June 22, 2020.",
203,G0064,APT33,https://www.symantec.com/blogs/threat-intelligence/elfin-apt33-espionage,"Security Response attack Investigation Team. (2019, March 27). Elfin: Relentless Espionage Group Targets Multiple Organizations in Saudi Arabia and U.S.. Retrieved April 10, 2019."," April 10, 2019.",
204,G0064,APT33,https://learn.microsoft.com/en-us/microsoft-365/security/intelligence/microsoft-threat-actor-naming?view=o365-worldwide,"Microsoft . (2023, July 12). How Microsoft names threat actors. Retrieved November 17, 2023."," November 17, 2023.",
205,G0064,APT33,https://www.fireeye.com/blog/threat-research/2018/12/overruled-containing-a-potentially-destructive-adversary.html,"Ackerman, G., et al. (2018, December 21). OVERRULED: Containing a Potentially Destructive Adversary. Retrieved January 17, 2019."," January 17, 2019.",
206,G0064,APT33,https://www.fireeye.com/blog/threat-research/2017/09/apt33-insights-into-iranian-cyber-espionage.html,"Jacqueline O'Leary et al. 2017, September 20 Insights into Iranian Cyber Espionage: APT33 Targets Aerospace and Energy Sectors and has Ties to Destructive Malware Retrieved. 2019/12/02",. 2019/12/02,
207,G0064,APT33,https://www.symantec.com/security-center/writeup/2017-030708-4403-99,"Junnosuke Yagi 2017, March 07 Trojan.Stonedrill Retrieved. 2019/12/05",. 2019/12/05,
208,G0064,APT33,https://www.symantec.com/blogs/threat-intelligence/elfin-apt33-espionage,"Symantec 2019, March 27 Elfin: Relentless Espionage Group Targets Multiple Organizations in Saudi Arabia and U.S. Retrieved. 2019/12/02",. 2019/12/02,
209,G0064,APT33,https://dragos.com/resource/magnallium/,"Dragos Symantec 2019, March 27 Elfin: Relentless Espionage Group Targets Multiple Organizations in Saudi Arabia and U.S. Retrieved. 2019/12/02  Magnallium Retrieved. 2019/10/27",. 2019/12/02  Magnallium ,
210,G0064,APT33,https://www.wired.com/story/iran-hackers-us-phishing-tensions/,"Andy Greenburg 2019, June 20 Iranian Hackers Launch a New US-Targeted Campaign as Tensions Mount Retrieved. 2020/01/03",. 2020/01/03,
211,G0064,APT33,https://www.recordedfuture.com/blog/iranian-cyber-response,"INSIKT GROUP. (2020, January 7). Iranian Cyber Response to Death of IRGC Head Would Likely Use Reported TTPs and Previous Access. Retrieved May 22, 2024."," May 22, 2024.",
212,G0067,APT37,https://www2.fireeye.com/rs/848-DID-242/images/rpt_APT37.pdf,"FireEye. (2018, February 20). APT37 (Reaper): The Overlooked North Korean Actor. Retrieved March 1, 2018."," March 1, 2018.",O
213,G0067,APT37,https://securelist.com/operation-daybreak/75100/,"Raiu, C., and Ivanov, A. (2016, June 17). Operation Daybreak. Retrieved February 15, 2018."," February 15, 2018.",
214,G0067,APT37,https://blog.talosintelligence.com/2018/01/korea-in-crosshairs.html,"Mercer, W., Rascagneres, P. (2018, January 16). Korea In The Crosshairs. Retrieved May 21, 2018."," May 21, 2018.",
215,G0067,APT37,https://www.volexity.com/blog/2021/08/17/north-korean-apt-inkysquid-infects-victims-using-browser-exploits/,"Cash, D., Grunzweig, J., Meltzer, M., Adair, S., Lancaster, T. (2021, August 17). North Korean APT InkySquid Infects Victims Using Browser Exploits. Retrieved September 30, 2021."," September 30, 2021.",
216,G0067,APT37,https://securelist.com/scarcruft-continues-to-evolve-introduces-bluetooth-harvester/90729/,"GReAT. (2019, May 13). ScarCruft continues to evolve, introduces Bluetooth harvester. Retrieved June 4, 2019."," June 4, 2019.",
217,G0067,APT37,https://www.crowdstrike.com/adversaries/ricochet-chollima/,"CrowdStrike. (2021, September 30). Adversary Profile - Ricochet Chollima. Retrieved September 30, 2021."," September 30, 2021.",
218,G0067,APT37,https://www.volexity.com/blog/2021/08/24/north-korean-bluelight-special-inkysquid-deploys-rokrat/,"Cash, D., Grunzweig, J., Adair, S., Lancaster, T. (2021, August 25). North Korean BLUELIGHT Special: InkySquid Deploys RokRAT. Retrieved October 1, 2021."," October 1, 2021.",
219,G0067,APT37,https://researchcenter.paloaltonetworks.com/2018/10/unit42-nokki-almost-ties-the-knot-with-dogcall-reaper-group-uses-new-malware-to-deploy-rat/,"Grunzweig, J. (2018, October 01). NOKKI Almost Ties the Knot with DOGCALL: Reaper Group Uses New Malware to Deploy RAT. Retrieved November 5, 2018."," November 5, 2018.",
220,G0067,APT37,https://blog.talosintelligence.com/2018/05/navrat.html,"Mercer, W., Rascagneres, P. (2018, May 31). NavRAT Uses US-North Korea Summit As Decoy For Attacks In South Korea. Retrieved June 11, 2018."," June 11, 2018.",
221,G0082,APT38,https://us-cert.cisa.gov/ncas/alerts/aa20-239a,"DHS/CISA. (2020, August 26). FASTCash 2.0: North Korea's BeagleBoyz Robbing Banks. Retrieved September 29, 2021."," September 29, 2021.",
222,G0082,APT38,https://www.mandiant.com/sites/default/files/2021-09/rpt-apt38-2018-web_v5-1.pdf,"FireEye. (2018, October 03). APT38: Un-usual Suspects. Retrieved November 6, 2018."," November 6, 2018.",O
223,G0082,APT38,https://www.justice.gov/opa/pr/three-north-korean-military-hackers-indicted-wide-ranging-scheme-commit-cyberattacks-and,"Department of Justice. (2021, February 17). Three North Korean Military Hackers Indicted in Wide-Ranging Scheme to Commit Cyberattacks and Financial Crimes Across the Globe. Retrieved June 9, 2021."," June 9, 2021.",
224,G0082,APT38,https://securelist.com/lazarus-under-the-hood/77908/,"GReAT. (2017, April 3). Lazarus Under the Hood. Retrieved April 17, 2019."," April 17, 2019.",
225,G0082,APT38,https://www.secureworks.com/research/threat-profiles/nickel-gladstone,"SecureWorks. (2021, September 29). NICKEL GLADSTONE Threat Profile. Retrieved September 29, 2021."," September 29, 2021.",
226,G0082,APT38,https://www.crowdstrike.com/blog/meet-crowdstrikes-adversary-of-the-month-for-april-stardust-chollima/,"Meyers, Adam. (2018, April 6). Meet CrowdStrike?™s Adversary of the Month for April: STARDUST CHOLLIMA. Retrieved September 29, 2021."," September 29, 2021.",
227,G0082,APT38,https://go.crowdstrike.com/rs/281-OBQ-266/images/Report2021GTR.pdf,"CrowdStrike. (2021, June 7). CrowdStrike 2021 Global Threat Report. Retrieved September 29, 2021."," September 29, 2021.",O
228,G0082,APT38,https://learn.microsoft.com/en-us/microsoft-365/security/intelligence/microsoft-threat-actor-naming?view=o365-worldwide,"Microsoft . (2023, July 12). How Microsoft names threat actors. Retrieved November 17, 2023."," November 17, 2023.",
229,G0082,APT38,https://www.welivesecurity.com/2018/04/03/lazarus-killdisk-central-american-casino/,"KÃ¡lnai, P., Cherepanov A. (2018, April 03). Lazarus KillDisks Central American casino. Retrieved May 17, 2018."," May 17, 2018.",
230,G0082,APT38,https://media.kasperskycontenthub.com/wp-content/uploads/sites/43/2018/03/07180244/Lazarus_Under_The_Hood_PDF_final.pdf,"GReAT. (2017, April 3). Lazarus Under the Hood. Retrieved October 3, 2018."," October 3, 2018.",O
231,G0087,APT39,https://www.fireeye.com/blog/threat-research/2019/01/apt39-iranian-cyber-espionage-group-focused-on-personal-information.html,"Hawley et al. (2019, January 29). APT39: An Iranian Cyber Espionage Group Focused on Personal Information. Retrieved February 19, 2019."," February 19, 2019.",
232,G0087,APT39,https://www.symantec.com/connect/blogs/iran-based-attackers-use-back-door-threats-spy-middle-eastern-targets,"Symantec Security Response. (2015, December 7). Iran-based attackers use back door threats to spy on Middle Eastern targets. Retrieved April 17, 2019."," April 17, 2019.",
233,G0087,APT39,https://www.iranwatch.org/sites/default/files/public-intelligence-alert.pdf,"FBI. (2020, September 17). Indicators of Compromise Associated with Rana Intelligence Computing, also known as Advanced Persistent Threat 39, Chafer, Cadelspy, Remexi, and ITG07. Retrieved December 10, 2020."," December 10, 2020.",O
234,G0087,APT39,https://home.treasury.gov/news/press-releases/sm1127,"Dept. of Treasury. (2020, September 17). Treasury Sanctions Cyber Actors Backed by Iranian Intelligence. Retrieved December 10, 2020."," December 10, 2020.",
235,G0087,APT39,https://www.justice.gov/opa/pr/department-justice-and-partner-departments-and-agencies-conduct-coordinated-actions-disrupt,"DOJ. (2020, September 17). Department of Justice and Partner Departments and Agencies Conduct Coordinated Actions to Disrupt and Deter Iranian Malicious Cyber Activities Targeting the United States and the Broader International Community. Retrieved December 10, 2020."," December 10, 2020.",
236,G0087,APT39,https://www.darkreading.com/attacks-breaches/iran-ups-its-traditional-cyber-espionage-tradecraft/d/d-id/1333764,"Higgins, K. (2019, January 30). Iran Ups its Traditional Cyber Espionage Tradecraft. Retrieved May 22, 2020."," May 22, 2020.",
237,G0087,APT39,https://go.crowdstrike.com/rs/281-OBQ-266/images/Report2020CrowdStrikeGlobalThreatReport.pdf,"Crowdstrike. (2020, March 2). 2020 Global Threat Report. Retrieved December 11, 2020."," December 11, 2020.",O
238,G0087,APT39,https://www.bitdefender.com/blog/labs/iranian-chafer-apt-targeted-air-transportation-and-government-in-kuwait-and-saudi-arabia/,"Rusu, B. (2020, May 21). Iranian Chafer APT Targeted Air Transportation and Government in Kuwait and Saudi Arabia. Retrieved May 22, 2020."," May 22, 2020.",
239,G0087,APT39,https://symantec-enterprise-blogs.security.com/blogs/threat-intelligence/chafer-latest-attacks-reveal-heightened-ambitions,"Symantec. (2018, February 28). Chafer: Latest Attacks Reveal Heightened Ambitions. Retrieved May 22, 2020."," May 22, 2020.",
240,G0087,APT39,https://securityintelligence.com/posts/observations-of-itg07-cyber-operations/,"McMillen, D. Sperry, C. (2019, June 14). Observations of ITG07 Cyber Operations. Retrieved May 17, 2021."," May 17, 2021.",
241,G0087,APT39,https://unit42.paloaltonetworks.com/new-python-based-payload-mechaflounder-used-by-chafer/,"Falcone, R. (2019, March 4). New Python-Based Payload MechaFlounder Used by Chafer. Retrieved May 27, 2020."," May 27, 2020.",
242,G0087,APT39,https://securelist.com/chafer-used-remexi-malware/89538/,"Legezo, D. (2019, January 30). Chafer used Remexi malware to spy on Iran-based foreign diplomatic entities. Retrieved April 17, 2019."," April 17, 2019.",
243,G0096,APT41,https://www.mandiant.com/sites/default/files/2022-02/rt-apt41-dual-operation.pdf,"Mandiant. (n.d.). APT41, A DUAL ESPIONAGE AND CYBER CRIME OPERATION. Retrieved June 11, 2024."," June 11, 2024.",O
244,G0096,APT41,https://www.mandiant.com/sites/default/files/2022-02/rt-apt41-dual-operation.pdf,"Fraser, N., et al. (2019, August 7). Double DragonAPT41, a dual espionage and cyber crime operation APT41. Retrieved September 23, 2019."," September 23, 2019.",O
245,G0096,APT41,https://www.group-ib.com/blog/colunmtk-apt41/,"Rostovcev, N. (2021, June 10). Big airline heist APT41 likely behind a third-party attack on Air India. Retrieved August 26, 2021."," August 26, 2021.",
246,G0096,APT41,https://go.crowdstrike.com/rs/281-OBQ-266/images/Report2020CrowdStrikeGlobalThreatReport.pdf,"Crowdstrike. (2020, March 2). 2020 Global Threat Report. Retrieved December 11, 2020."," December 11, 2020.",O
247,G0096,APT41,https://learn.microsoft.com/en-us/microsoft-365/security/intelligence/microsoft-threat-actor-naming?view=o365-worldwide,"Microsoft . (2023, July 12). How Microsoft names threat actors. Retrieved November 17, 2023."," November 17, 2023.",
248,G0096,APT41,https://cloud.google.com/blog/topics/threat-intelligence/apt41-arisen-from-dust,"Mike Stokkel et al. (2024, July 18). APT41 Has Arisen From the DUST. Retrieved September 16, 2024."," September 16, 2024.",
249,G0096,APT41,https://www.mandiant.com/resources/apt41-us-state-governments,"Rufus Brown, Van Ta, Douglas Bienstock, Geoff Ackerman, John Wolfram. (2022, March 8). Does This Look Infected? A Summary of APT41 Targeting U.S. State Governments. Retrieved July 8, 2022."," July 8, 2022.",
250,G0096,APT41,https://www.group-ib.com/blog/apt41-world-tour-2021/,"Nikita Rostovcev. (2022, August 18). APT41 World Tour 2021 on a tight schedule. Retrieved February 22, 2024."," February 22, 2024.",
251,G0096,APT41,https://www.fireeye.com/blog/threat-research/2020/03/apt41-initiates-global-intrusion-campaign-using-multiple-exploits.html,"Glyer, C, et al. (2020, March). This Is Not a Test: APT41 Initiates Global Intrusion Campaign Using Multiple Exploits. Retrieved April 28, 2020."," April 28, 2020.",
252,G0096,APT41,https://medium.com/@DCSO_CyTec/apt41-the-spy-who-failed-to-encrypt-me-24fc0f49cad1,"DCSO CyTec Blog. (2022, December 24). APT41 ??The spy who failed to encrypt me. Retrieved June 13, 2024."," June 13, 2024.",
253,G0096,APT41,https://x.com/ItsReallyNick/status/1189622925286084609,"Carr, N. (2019, October 30). Nick Carr Status Update APT41 Environmental Keying. Retrieved September 12, 2024."," September 12, 2024.",
254,G0096,APT41,https://cloud.google.com/blog/topics/threat-intelligence/apt41-us-state-governments,"Rufus Brown, Van Ta, Douglas Bienstock, Geoff Ackerman & John Wolfram. (2022, March 8). Does This Look Infected? A Summary of APT41 Targeting U.S. State Governments. Retrieved September 16, 2024."," September 16, 2024.",
255,G0096,APT41,https://www.fireeye.com/blog/threat-research/2019/10/messagetap-who-is-reading-your-text-messages.html,"Leong, R., Perez, D., Dean, T. (2019, October 31). MESSAGETAP: Who?™s Reading Your Text Messages?. Retrieved May 11, 2020."," May 11, 2020.",
256,G0096,APT41,https://go.recordedfuture.com/hubfs/reports/cta-2021-0228.pdf,"Insikt Group. (2021, February 28). China-Linked Group RedEcho Targets the Indian Power Sector Amid Heightened Border Tensions. Retrieved March 22, 2021."," March 22, 2021.",O
257,G1023,APT5,https://media.defense.gov/2022/Dec/13/2003131586/-1/-1/0/CSA-APT5-CITRIXADC-V1.PDF,"National Security Agency. (2022, December). APT5: Citrix ADC Threat Hunting Guidance. Retrieved February 5, 2024."," February 5, 2024.",O
258,G1023,APT5,https://query.prod.cms.rt.microsoft.com/cms/api/am/binary/RW1aFyW,"Microsoft Threat Intelligence. (2023, September). Digital threats from East Asia increase in breadth and effectiveness. Retrieved February 5, 2024."," February 5, 2024.",
259,G1023,APT5,https://www.mandiant.com/resources/blog/suspected-apt-actors-leverage-bypass-techniques-pulse-secure-zero-day,"Perez, D. et al. (2021, April 20). Check Your Pulse: Suspected APT Actors Leverage Authentication Bypass Techniques and Pulse Secure Zero-Day. Retrieved February 5, 2024."," February 5, 2024.",
260,G1023,APT5,https://www.mandiant.com/resources/blog/updates-on-chinese-apt-compromising-pulse-secure-vpn-devices,"Perez, D. et al. (2021, May 27). Re-Checking Your Pulse: Updates on Chinese APT Actors Compromising Pulse Secure VPN Devices. Retrieved February 5, 2024."," February 5, 2024.",
261,G1023,APT5,https://web.archive.org/web/20220122121143/https://www.fireeye.com/content/dam/fireeye-www/current-threats/pdfs/rpt-southeast-asia-threat-landscape.pdf,"FireEye. (2015, March). SOUTHEAST ASIA: AN EVOLVING CYBER THREAT LANDSCAPE. Retrieved February 5, 2024."," February 5, 2024.",O
262,G1023,APT5,https://www.mandiant.com/resources/insights/apt-groups,"Mandiant. (n.d.). Advanced Persistent Threats (APTs). Retrieved February 14, 2024."," February 14, 2024.",
263,G1023,APT5,https://learn.microsoft.com/en-us/microsoft-365/security/intelligence/microsoft-threat-actor-naming?view=o365-worldwide,"Microsoft . (2023, July 12). How Microsoft names threat actors. Retrieved November 17, 2023."," November 17, 2023.",
264,G1023,APT5,https://www.secureworks.com/research/threat-profiles/bronze-fleetwood,"Secureworks CTU. (n.d.). BRONZE FLEETWOOD. Retrieved February 5, 2024."," February 5, 2024.",
265,G0143,Aquatic Panda,https://www.crowdstrike.com/blog/overwatch-exposes-aquatic-panda-in-possession-of-log-4-shell-exploit-tools/,"Wiley, B. et al. (2021, December 29). OverWatch Exposes AQUATIC PANDA in Possession of Log4Shell Exploit Tools During Hands-on Intrusion Attempt. Retrieved January 18, 2022."," January 18, 2022.",
266,G0143,Aquatic Panda,https://go.crowdstrike.com/rs/281-OBQ-266/images/2022OverWatchThreatHuntingReport.pdf,"CrowdStrike. (2023). 2022 Falcon OverWatch Threat Hunting Report. Retrieved May 20, 2024."," May 20, 2024.",O
267,G0001,Axiom,https://securelist.com/winnti-more-than-just-a-game/37029/,"Kaspersky Lab's Global Research and Analysis Team. (2013, April 11). Winnti. More than just a game. Retrieved February 8, 2017."," February 8, 2017.",
268,G0001,Axiom,https://securelist.com/games-are-over/70991/,"Tarakanov, D. (2015, June 22). Games are over: Winnti is now targeting pharmaceutical companies. Retrieved January 14, 2016."," January 14, 2016.",
269,G0001,Axiom,https://web.archive.org/web/20150412223949/http://www.novetta.com/wp-content/uploads/2015/04/novetta_winntianalysis.pdf,"Novetta Threat Research Group. (2015, April 7). Winnti Analysis. Retrieved February 8, 2017."," February 8, 2017.",O
270,G0001,Axiom,http://blogs.cisco.com/security/talos/threat-spotlight-group-72,"Esler, J., Lee, M., and Williams, C. (2014, October 14). Threat Spotlight: Group 72. Retrieved January 14, 2016."," January 14, 2016.",
271,G0001,Axiom,https://web.archive.org/web/20230115144216/http://www.novetta.com/wp-content/uploads/2014/11/Executive_Summary-Final_1.pdf,"Novetta. (n.d.). Operation SMN: Axiom Threat Actor Group Report. Retrieved November 12, 2014."," November 12, 2014.",O
272,G0001,Axiom,https://blogs.cisco.com/security/talos/opening-zxshell,"Allievi, A., et al. (2014, October 28). Threat Spotlight: Group 72, Opening the ZxShell. Retrieved September 24, 2019."," September 24, 2019.",
273,G0135,BackdoorDiplomacy,https://www.welivesecurity.com/2021/06/10/backdoordiplomacy-upgrading-quarian-turian/,"Adam Burgher. (2021, June 10). BackdoorDiplomacy: Upgrading from Quarian to Turian. Retrieved September 1, 2021"," September 1, 2021",
274,G1002,BITTER,https://blog.talosintelligence.com/2022/05/bitter-apt-adds-bangladesh-to-their.html,"Raghuprasad, C . (2022, May 11). Bitter APT adds Bangladesh to their targets. Retrieved June 1, 2022."," June 1, 2022.",
275,G1002,BITTER,https://www.forcepoint.com/blog/x-labs/bitter-targeted-attack-against-pakistan,"Dela Paz, R. (2016, October 21). BITTER: a targeted attack against Pakistan. Retrieved June 1, 2022."," June 1, 2022.",
276,G1002,BITTER,https://ti.dbappsecurity.com.cn/blog/articles/2021/02/10/windows-kernel-zero-day-exploit-is-used-by-bitter-apt-in-targeted-attack/,"JinQuan, MaDongZe, TuXiaoYi, and LiHao. (2021, February 10). Windows kernel zero-day exploit (CVE-2021-1732) is used by BITTER APT in targeted attack. Retrieved June 1, 2022."," June 1, 2022.",
277,G1002,BITTER,https://msrc.microsoft.com/update-guide/vulnerability/CVE-2021-1732,"Microsoft. (2018, February 9). Windows Win32k Elevation of Privilege Vulnerability CVE-2021-1732. Retrieved June 1, 2022."," June 1, 2022.",
278,G1002,BITTER,https://www.blackberry.com/us/en/pdfviewer?file=/content/dam/blackberry-com/asset/enterprise/pdf/direct/mobile-malware-report.pdf,"BlackBerry Research and Insights Team. (n.d.). Mobile Malware and APT Espionage. Retrieved March 1, 2024."," March 1, 2024.",O
279,G0063,BlackOasis,https://securelist.com/blackoasis-apt-and-new-targeted-attacks-leveraging-zero-day-exploit/82732/,"Kaspersky Lab's Global Research & Analysis Team. (2017, October 16). BlackOasis APT and new targeted attacks leveraging zero-day exploit. Retrieved February 15, 2018."," February 15, 2018.",
280,G0063,BlackOasis,https://securelist.com/apt-trends-report-q2-2017/79332/,"Kaspersky Lab's Global Research & Analysis Team. (2017, August 8). APT Trends report Q2 2017. Retrieved February 15, 2018."," February 15, 2018.",
281,G0063,BlackOasis,https://www.cyberscoop.com/middle-eastern-hacking-group-using-finfisher-malware-conduct-international-espionage/,"Bing, C. (2017, October 16). Middle Eastern hacking group is using FinFisher malware to conduct international espionage. Retrieved February 15, 2018."," February 15, 2018.",
282,G0098,BlackTech,https://blog.trendmicro.com/trendlabs-security-intelligence/following-trail-blacktech-cyber-espionage-campaigns/,"Bermejo, L., et al. (2017, June 22). Following the Trail of BlackTech?™s Cyber Espionage Campaigns. Retrieved May 5, 2020."," May 5, 2020.",
283,G0098,BlackTech,https://symantec-enterprise-blogs.security.com/blogs/threat-intelligence/palmerworm-blacktech-espionage-apt,"Threat Intelligence. (2020, September 29). Palmerworm: Espionage Gang Targets the Media, Finance, and Other Sectors. Retrieved March 25, 2022."," March 25, 2022.",
284,G0098,BlackTech,https://www.reuters.com/article/us-taiwan-cyber-china/taiwan-says-china-behind-cyberattacks-on-government-agencies-emails-idUSKCN25F0JK,"Lee, Y. (2020, August 19). Taiwan says China behind cyberattacks on government agencies, emails. Retrieved April 6, 2022."," April 6, 2022.",
285,G0098,BlackTech,https://www.ironnet.com/blog/china-cyber-attacks-the-current-threat-landscape,"Demboski, M., et al. (2021, October 26). China cyber attacks: the current threat landscape. Retrieved March 25, 2022."," March 25, 2022.",
286,G0098,BlackTech,https://www.trendmicro.com/en_us/research/19/l/waterbear-is-back-uses-api-hooking-to-evade-security-product-detection.html,"Su, V. et al. (2019, December 11). Waterbear Returns, Uses API Hooking to Evade Security. Retrieved February 22, 2021."," February 22, 2021.",
287,G0098,BlackTech,https://www.welivesecurity.com/2018/07/09/certificates-stolen-taiwanese-tech-companies-plead-malware-campaign/,"Cherepanov, A.. (2018, July 9). Certificates stolen from Taiwanese tech?‘companies misused in Plead malware campaign. Retrieved May 6, 2020."," May 6, 2020.",
288,G0098,BlackTech,https://insight-jp.nttsecurity.com/post/102hf3q/flagpro-the-new-malware-used-by-blacktech,"Hada, H. (2021, December 28).  Flagpro The new malware used by BlackTech. Retrieved March 25, 2022."," March 25, 2022.",
289,G0098,BlackTech,https://blogs.jpcert.or.jp/en/2018/03/malware-tscooki-7aa0.html,"Tomonaga, S. (2018, June 8). PLEAD Downloader Used by BlackTech. Retrieved May 6, 2020."," May 6, 2020.",
290,G0098,BlackTech,https://blogs.jpcert.or.jp/en/2018/03/malware-tscooki-7aa0.html,"Tomonaga, S. (2018, March 6). Malware ?œTSCookie?? Retrieved May 6, 2020."," May 6, 2020.",
291,G0108,Blue Mockingbird,https://redcanary.com/blog/blue-mockingbird-cryptominer/,"Lambert, T. (2020, May 7). Introducing Blue Mockingbird. Retrieved May 26, 2020."," May 26, 2020.",
292,G0097,Bouncing Golf,https://blog.trendmicro.com/trendlabs-security-intelligence/mobile-cyberespionage-campaign-bouncing-golf-affects-middle-east/,"E. Xu, G. Guo. (2019, June 28).  Mobile Cyberespionage Campaign ?˜Bouncing Golf??Affects Middle East. Retrieved January 27, 2020."," January 27, 2020.",
293,G0060,BRONZE BUTLER,http://blog.trendmicro.com/trendlabs-security-intelligence/redbaldknight-bronze-butler-daserf-backdoor-now-using-steganography/,"Chen, J. and Hsieh, M. (2017, November 7). REDBALDKNIGHT/BRONZE BUTLER?™s Daserf Backdoor Now Using Steganography. Retrieved December 27, 2017."," December 27, 2017.",
294,G0060,BRONZE BUTLER,https://www.secureworks.com/research/bronze-butler-targets-japanese-businesses,"Counter Threat Unit Research Team. (2017, October 12). BRONZE BUTLER Targets Japanese Enterprises. Retrieved January 4, 2018."," January 4, 2018.",
295,G0060,BRONZE BUTLER,https://documents.trendmicro.com/assets/pdf/Operation-ENDTRADE-TICK-s-Multi-Stage-Backdoors-for-Attacking-Industries-and-Stealing-Classified-Data.pdf,"Chen, J. et al. (2019, November). Operation ENDTRADE: TICK?™s Multi-Stage Backdoors for Attacking Industries and Stealing Classified Data. Retrieved June 9, 2020."," June 9, 2020.",O
296,G0060,BRONZE BUTLER,https://www.symantec.com/connect/blogs/tick-cyberespionage-group-zeros-japan,"DiMaggio, J. (2016, April 28). Tick cyberespionage group zeros in on Japan. Retrieved July 16, 2018."," July 16, 2018.",
297,G0060,BRONZE BUTLER,https://go.recordedfuture.com/hubfs/reports/cta-2021-0228.pdf,"Insikt Group. (2021, February 28). China-Linked Group RedEcho Targets the Indian Power Sector Amid Heightened Border Tensions. Retrieved March 22, 2021."," March 22, 2021.",O
298,G0008,Carbanak,https://media.kasperskycontenthub.com/wp-content/uploads/sites/43/2018/03/08064518/Carbanak_APT_eng.pdf,"Kaspersky Lab's Global Research and Analysis Team. (2015, February). CARBANAK APT THE GREAT BANK ROBBERY. Retrieved August 23, 2018."," August 23, 2018.",O
299,G0008,Carbanak,https://www.fireeye.com/blog/threat-research/2017/04/fin7-phishing-lnk.html,"Carr, N., et al. (2017, April 24). FIN7 Evolution and the Phishing LNK. Retrieved April 24, 2017."," April 24, 2017.",
300,G0008,Carbanak,https://www.europol.europa.eu/newsroom/news/mastermind-behind-eur-1-billion-cyber-bank-robbery-arrested-in-spain,"Europol. (2018, March 26). Mastermind Behind EUR 1 Billion Cyber Bank Robbery Arrested in Spain. Retrieved October 10, 2018."," October 10, 2018.",
301,G0008,Carbanak,https://www.secureworks.com/research/threat-profiles/gold-niagara,"CTU. (n.d.). GOLD NIAGARA. Retrieved September 21, 2021."," September 21, 2021.",
302,G0008,Carbanak,https://www.secureworks.com/research/threat-profiles/gold-kingswood?filter=item-financial-gain,"Secureworks. (n.d.). GOLD KINGSWOOD. Retrieved October 18, 2021."," October 18, 2021.",
303,G0008,Carbanak,https://www.fox-it.com/en/news/blog/anunak-aka-carbanak-update/,"Prins, R. (2015, February 16). Anunak (aka Carbanak) Update. Retrieved January 20, 2017."," January 20, 2017.",
304,G0008,Carbanak,http://www.group-ib.com/files/Anunak_APT_against_financial_institutions.pdf,"Group-IB and Fox-IT. (2014, December). Anunak: APT against financial institutions. Retrieved April 20, 2016."," April 20, 2016.",O
305,G0008,Carbanak,https://blogs.forcepoint.com/security-labs/carbanak-group-uses-google-malware-command-and-control,"Griffin, N. (2017, January 17). CARBANAK GROUP USES GOOGLE FOR MALWARE COMMAND-AND-CONTROL. Retrieved February 15, 2017."," February 15, 2017.",
306,G0114,Chimera,https://cycraft.com/download/CyCraft-Whitepaper-Chimera_V4.1.pdf,"Cycraft. (2020, April 15). APT Group Chimera - APT Operation Skeleton key Targets Taiwan Semiconductor Vendors. Retrieved August 24, 2020.."," August 24, 2020..",O
307,G0114,Chimera,https://web.archive.org/web/20230218064220/https://research.nccgroup.com/2021/01/12/abusing-cloud-services-to-fly-under-the-radar/,"Jansen, W . (2021, January 12). Abusing cloud services to fly under the radar. Retrieved September 12, 2024."," September 12, 2024.",
308,G1021,Cinnamon Tempest,https://www.microsoft.com/en-us/security/blog/2022/05/09/ransomware-as-a-service-understanding-the-cybercrime-gig-economy-and-how-to-protect-yourself/,"Microsoft. (2022, May 9). Ransomware as a service: Understanding the cybercrime gig economy and how to protect yourself. Retrieved March 10, 2023."," March 10, 2023.",
309,G1021,Cinnamon Tempest,https://learn.microsoft.com/en-us/microsoft-365/security/intelligence/microsoft-threat-actor-naming?view=o365-worldwide,"Microsoft . (2023, July 12). How Microsoft names threat actors. Retrieved November 17, 2023."," November 17, 2023.",
310,G1021,Cinnamon Tempest,https://www.trendmicro.com/en_se/research/22/e/new-linux-based-ransomware-cheerscrypt-targets-exsi-devices.html,"Dela Cruz, A. et al. (2022, May 25). New Linux-Based Ransomware Cheerscrypt Targeting ESXi Devices Linked to Leaked Babuk Source Code. Retrieved December 19, 2023."," December 19, 2023.",
311,G1021,Cinnamon Tempest,https://www.secureworks.com/research/bronze-starlight-ransomware-operations-use-hui-loader,"Counter Threat Unit Research Team . (2022, June 23). BRONZE STARLIGHT RANSOMWARE OPERATIONS USE HUI LOADER. Retrieved December 7, 2023."," December 7, 2023.",
312,G1021,Cinnamon Tempest,https://blog.sygnia.co/revealing-emperor-dragonfly-a-chinese-ransomware-group,"Biderman, O. et al. (2022, October 3). REVEALING EMPEROR DRAGONFLY: NIGHT SKY AND CHEERSCRYPT - A SINGLE RANSOMWARE GROUP. Retrieved December 6, 2023."," December 6, 2023.",
313,G1021,Cinnamon Tempest,https://www.secureworks.com/research/threat-profiles/bronze-starlight,"SecureWorks. (n.d.). BRONZE STARLIGHT. Retrieved December 6, 2023."," December 6, 2023.",
314,G1021,Cinnamon Tempest,https://www.microsoft.com/en-us/security/blog/2021/12/11/guidance-for-preventing-detecting-and-hunting-for-cve-2021-44228-log4j-2-exploitation/,"Microsoft Threat Intelligence. (2021, December 11). Guidance for preventing, detecting, and hunting for exploitation of the Log4j 2 vulnerability. Retrieved December 7, 2023."," December 7, 2023.",
315,G0003,Cleaver,https://web.archive.org/web/20200302085133/https://www.cylance.com/content/dam/cylance/pages/operation-cleaver/Cylance_Operation_Cleaver_Report.pdf,"Cylance. (2014, December). Operation Cleaver. Retrieved September 14, 2017."," September 14, 2017.",O
316,G0003,Cleaver,http://www.secureworks.com/cyber-threat-intelligence/threats/suspected-iran-based-hacker-group-creates-network-of-fake-linkedin-profiles/,"Dell SecureWorks. (2015, October 7). Suspected Iran-Based Hacker Group Creates Network of Fake LinkedIn Profiles. Retrieved January 14, 2016."," January 14, 2016.",
317,G0080,Cobalt Group,https://blog.talosintelligence.com/2018/07/multiple-cobalt-personality-disorder.html,"Svajcer, V. (2018, July 31). Multiple Cobalt Personality Disorder. Retrieved September 5, 2018."," September 5, 2018.",
318,G0080,Cobalt Group,https://www.ptsecurity.com/upload/corporate/ww-en/analytics/Cobalt-2017-eng.pdf,"Positive Technologies. (2017, August 16). Cobalt Strikes Back: An Evolving Multinational Threat to Finance. Retrieved September 5, 2018."," September 5, 2018.",O
319,G0080,Cobalt Group,https://www.ptsecurity.com/upload/corporate/ww-en/analytics/Cobalt-Snatch-eng.pdf,"Positive Technologies. (2016, December 16). Cobalt Snatch. Retrieved October 9, 2018."," October 9, 2018.",O
320,G0080,Cobalt Group,https://www.group-ib.com/blog/cobalt,"Matveeva, V. (2017, August 15). Secrets of Cobalt. Retrieved October 10, 2018."," October 10, 2018.",
321,G0080,Cobalt Group,https://www.proofpoint.com/us/threat-insight/post/microsoft-word-intruder-integrates-cve-2017-0199-utilized-cobalt-group-target,"Mesa, M, et al. (2017, June 1). Microsoft Word Intruder Integrates CVE-2017-0199, Utilized by Cobalt Group to Target Financial Institutions. Retrieved October 10, 2018."," October 10, 2018.",
322,G0080,Cobalt Group,https://web.archive.org/web/20190508170630/https://www.riskiq.com/blog/labs/cobalt-strike/,"Klijnsma, Y.. (2017, November 28). Gaffe Reveals Full List of Targets in Spear Phishing Attack Using Cobalt Strike Against Financial Institutions. Retrieved October 10, 2018."," October 10, 2018.",
323,G0080,Cobalt Group,https://web.archive.org/web/20190508170147/https://www.riskiq.com/blog/labs/cobalt-group-spear-phishing-russian-banks/,"Klijnsma, Y.. (2018, January 16). First Activities of Cobalt Group in 2018: Spear Phishing Russian Banks. Retrieved October 10, 2018."," October 10, 2018.",
324,G0080,Cobalt Group,https://www.europol.europa.eu/newsroom/news/mastermind-behind-eur-1-billion-cyber-bank-robbery-arrested-in-spain,"Europol. (2018, March 26). Mastermind Behind EUR 1 Billion Cyber Bank Robbery Arrested in Spain. Retrieved October 10, 2018."," October 10, 2018.",
325,G0080,Cobalt Group,https://www.secureworks.com/blog/cybercriminals-increasingly-trying-to-ensnare-the-big-financial-fish,"CTU. (2018, September 27). Cybercriminals Increasingly Trying to Ensnare the Big Financial Fish. Retrieved September 20, 2021."," September 20, 2021.",
326,G0080,Cobalt Group,https://crowdstrike.lookbookhq.com/global-threat-report-2018-web/cs-2018-global-threat-report,"CrowdStrike. (2018, February 26). CrowdStrike 2018 Global Threat Report. Retrieved October 10, 2018."," October 10, 2018.",
327,G0080,Cobalt Group,https://blog.morphisec.com/cobalt-gang-2.0,"Gorelik, M. (2018, October 08). Cobalt Group 2.0. Retrieved November 5, 2018."," November 5, 2018.",
328,G0080,Cobalt Group,https://blog.trendmicro.com/trendlabs-security-intelligence/cobalt-spam-runs-use-macros-cve-2017-8759-exploit/,"Giagone, R., Bermejo, L., and Yarochkin, F. (2017, November 20). Cobalt Strikes Again: Spam Runs Use Macros and CVE-2017-8759 Exploit Against Russian Banks. Retrieved March 7, 2019."," March 7, 2019.",
329,G0080,Cobalt Group,https://researchcenter.paloaltonetworks.com/2018/10/unit42-new-techniques-uncover-attribute-cobalt-gang-commodity-builders-infrastructure-revealed/,"Unit 42. (2018, October 25). New Techniques to Uncover and Attribute Financial actors Commodity Builders and Infrastructure Revealed. Retrieved December 11, 2018."," December 11, 2018.",
330,G0080,Cobalt Group,https://go.crowdstrike.com/rs/281-OBQ-266/images/Report2020CrowdStrikeGlobalThreatReport.pdf,"Crowdstrike. (2020, March 2). 2020 Global Threat Report. Retrieved December 11, 2020."," December 11, 2020.",O
